{
"objects" : [
{
	"event_id" : "0",
	"event_name" : "Xmas Party",
	"event_organizer_id" :
		{
			"account_user_name" : "Ray"
		},	
	"event_time" : "2013-12-15T23:16",
	"event_location" : "Hangzhou"	
},
{
	"event_id" : "0",
	"event_name" : "Xmas Party",
	"event_organizer_id" :
		{
			"account_user_name" : "Ray"
		},	
	"event_time" : "2013-12-15T23:16",
	"event_location" : "Hangzhou"	
},
{
	"event_id" : "0",
	"event_name" : "Xmas Party",
	"event_organizer_id" :
		{
			"account_user_name" : "Ray"
		},	
	"event_time" : "2013-12-15T23:16",
	"event_location" : "Hangzhou"	
},
{
	"event_id" : "0",
	"event_name" : "Xmas Party",
	"event_organizer_id" :
		{
			"account_user_name" : "Ray"
		},	
	"event_time" : "2013-12-15T23:16",
	"event_location" : "Hangzhou"	
},
{
	"event_id" : "0",
	"event_name" : "Xmas Party",
	"event_organizer_id" :
		{
			"account_user_name" : "Ray"
		},	
	"event_time" : "2013-12-15T23:16",
	"event_location" : "Hangzhou"	
},
{
	"event_id" : "0",
	"event_name" : "Xmas Party",
	"event_organizer_id" :
		{
			"account_user_name" : "Ray"
		},	
	"event_time" : "2013-12-15T23:16",
	"event_location" : "Hangzhou"	
}
]
}